ID,Subject,Day Group,Matching To Sample,Running Memory,Simple Reaction Time
1,C1G0001,20-Jan,1599.7,454.9,227.2
2,C1G0001,21-40,1679.45,444.3,220.95
3,C1G0001,41-60,1702.15,420.1,216.25
4,C1G0001,61-80,1711.5,412.2,216.85
5,C1G0001,81-100,1662.6,409.8,223.2
6,C1G0001,101-120,1576.15,409.15,223.5
7,C1G0001,121-140,1477.846154,403.5,225.05
8,C1G0001,141+,NA,410.3043478,224.375
